{
  "config-version": 2,
  "place": {
    "weight": 1,
    "missions": [
      {
        "items": {
          "create:track_signal": "10-30",
          "create:track": "400-1500"
        },
        "titles": [
          "Staying on track",
          "Unavoidable sunburn",
          "Trainworks"
        ],
        "rewards": [
          {
            "item": "numismatics:spur",
            "amount": "30-60"
          }
        ]
      },
      {
        "items": {
          "create:shaft": "100-300",
          "create:cogwheel": "40-100",
          "create:large_cogwheel": "40-80",
          "create:white_sail": "50-100",
          "create:mechanical_drill": "20-50",
          "create:piston_extension_pole": "30-50",
          "create:display_board": "20-40",
          "create:steam_whistle": "10-20"
        },
        "titles": [
          "Base work",
          "Contraption doodling",
          "Infrastructure"
        ],
        "rewards": [
          {
            "item": "numismatics:spur",
            "amount": "20-45"
          }
        ]
      },
      {
        "items": {
          "ender_chest": "8-15",
          "crafting_table": "20-40",
          "anvil": "10-25",
          "smithing_table": "15-30"
        },
        "titles": [
          "Spreading utility",
          "Essentials for everyone",
          "Equipping the world"
        ],
        "rewards": [
          {
            "item": "numismatics:spur",
            "amount": "10-30"
          }
        ]
      },
      {
        "items": {
          "dandelion": "10-30",
          "poppy": "10-30",
          "blue_orchid": "10-30",
          "allium": "10-30",
          "azure_bluet": "10-30",
          "red_tulip": "10-30",
          "orange_tulip": "10-30",
          "white_tulip": "10-30",
          "pink_tulip": "10-30",
          "oxeye_daisy": "10-30",
          "cornflower": "10-30",
          "lily_of_the_valley": "10-30",
          "pink_petals": "10-30",
          "cactus": "10-30",
          "vine": "10-30",
          "large_fern": "10-30",
          "sunflower": "10-30",
          "lilac": "10-30",
          "rose_bush": "10-30",
          "peony": "10-30",
          "glow_lichen": "10-30"
        },
        "titles": [
          "Botanical enhancement",
          "Nature restoration",
          "Nature decor",
          "Bee happy"
        ],
        "rewards": [
          {
            "item": "numismatics:spur",
            "amount": "30-50"
          }
        ]
      }
    ]
  },
  "break": {
    "weight": 1,
    "missions": [
      {
        "items": {
          "stone": "1000-2000",
          "granite": "500-1500",
          "diorite": "500-1500",
          "andesite": "500-1800",
          "deepslate": "500-1000",
          "sandstone": "500-1000",
          "netherrack": "1500-3000",
          "basalt": "500-1000",
          "blackstone": "500-1000",
          "end_stone": "500-800",
          "calcite": "500-900",
          "tuff": "500-900",
          "create:asurine": "500-2000",
          "create:crimsite": "500-2000",
          "create:limestone": "500-2000",
          "create:ochrum": "500-2000",
          "create:scoria": "500-2000",
          "create:scorchia": "500-2000",
          "create:veridium": "500-2000"
        },
        "titles": [
          "Solid thoughts",
          "Mining boredom",
          "Chunk destroyer",
          "Bare handed job"
        ],
        "rewards": [
          {
            "item": "numismatics:spur",
            "amount": "60-80"
          }
        ]
      },
      {
        "items": {
          "grass_block": "500-1000",
          "dirt": "1500-3000",
          "mud": "100-400",
          "clay": "200-600",
          "gravel": "300-1000",
          "sand": "300-1000",
          "red_sand": "100-700",
          "snow_block": "100-700",
          "crimson_nylium": "100-700",
          "warped_nylium": "100-700",
          "soul_sand": "200-900",
          "soul_soil": "200-900"
        },
        "titles": [
          "Dusty surroundings",
          "Dirty work",
          "Shovel knight",
          "Grounded"
        ],
        "rewards": [
          {
            "item": "numismatics:spur",
            "amount": "50-70"
          }
        ]
      },
      {
        "items": {
          "oak_log": "200-900",
          "spruce_log": "300-1000",
          "birch_log": "200-900",
          "jungle_log": "300-1000",
          "acacia_log": "200-700",
          "dark_oak_log": "200-900",
          "mangrove_log": "200-600",
          "cherry_log": "200-600",
          "crimson_stem": "200-500",
          "warped_stem": "200-500",
          "mushroom_stem": "100-300",
          "brown_mushroom_block": "100-400",
          "red_mushroom_block": "100-400",
          "shroomlight": "50-150"
        },
        "titles": [
          "Punching wood",
          "Returning to roots",
          "Solid knuckles"
        ],
        "rewards": [
          {
            "item": "numismatics:spur",
            "amount": "40-60"
          }
        ]
      },
      {
        "items": {
          "dandelion": "20-50",
          "poppy": "20-50",
          "blue_orchid": "20-50",
          "allium": "20-50",
          "azure_bluet": "20-50",
          "red_tulip": "20-50",
          "orange_tulip": "20-50",
          "white_tulip": "20-50",
          "pink_tulip": "20-50",
          "oxeye_daisy": "20-50",
          "cornflower": "20-50",
          "lily_of_the_valley": "20-50",
          "pink_petals": "20-50",
          "sugar_cane": "40-150",
          "cactus": "20-50",
          "vine": "20-50",
          "tall_grass": "20-50",
          "large_fern": "20-50",
          "sunflower": "20-50",
          "lilac": "10-30",
          "rose_bush": "20-50",
          "peony": "20-50",
          "glow_lichen": "20-50",
          "seagrass": "20-50"
        },
        "titles": [
          "Botanical expedition",
          "Flower power",
          "Nature's haircut",
          "Decoration harvesting",
          "Green wanderer"
        ],
        "rewards": [
          {
            "item": "numismatics:spur",
            "amount": "20-30"
          }
        ]
      },
      {
        "items": {
          "coal_ore": "100-600",
          "iron_ore": "100-700",
          "copper_ore": "200-800",
          "gold_ore": "50-300",
          "redstone_ore": "100-600",
          "emerald_ore": "3-15",
          "lapis_ore": "80-350",
          "diamond_ore": "10-90",
          "create:zinc_ore": "100-500"
        },
        "titles": [
          "Peaceful mining",
          "Going through stone",
          "Stone Moses",
          "Lichen whisperer"
        ],
        "rewards": [
          {
            "item": "numismatics:spur",
            "amount": "60-100"
          }
        ]
      },
      {
        "items": {
          "deepslate_coal_ore": "2-7",
          "deepslate_iron_ore": "150-400",
          "deepslate_copper_ore": "70-300",
          "deepslate_gold_ore": "170-500",
          "deepslate_redstone_ore": "300-800",
          "deepslate_emerald_ore": "1-2",
          "deepslate_lapis_ore": "100-200",
          "deepslate_diamond_ore": "70-160",
          "create:deepslate_zinc_ore": "80-170"
        },
        "titles": [
          "Tough surroundings",
          "Warden tickling",
          "Deepest depths"
        ],
        "rewards": [
          {
            "item": "numismatics:spur",
            "amount": "70-110"
          }
        ]
      }
    ]
  },
  "saw": {
    "weight": 1,
    "missions": [
      {
        "items": {
          "oak_log": "500-2000",
          "spruce_log": "1000-3000",
          "birch_log": "500-2000",
          "jungle_log": "1000-3000",
          "acacia_log": "500-1500",
          "dark_oak_log": "800-2500",
          "mangrove_log": "300-800",
          "cherry_log": "400-1700",
          "crimson_stem": "300-900",
          "warped_stem": "300-900"
        },
        "titles": [
          "Automated lumberjack",
          "Wooden extinction",
          "Mechanical termite"
        ],
        "rewards": [
          {
            "item": "numismatics:spur",
            "amount": "30-45"
          }
        ]
      },
      {
        "items": {
          "oak_leaves": "1000-4000",
          "spruce_leaves": "800-3000",
          "birch_leaves": "1000-4000",
          "jungle_leaves": "800-2800",
          "acacia_leaves": "700-2000",
          "dark_oak_leaves": "1000-3000",
          "mangrove_leaves": "800-2500",
          "cherry_leaves": "1000-4000"
        },
        "titles": [
          "Leaf me alone",
          "Saw that leaf fall"
        ],
        "rewards": [
          {
            "item": "numismatics:spur",
            "amount": "20-40"
          }
        ]
      },
      {
        "items": {
          "bamboo": "1000-3000"
        },
        "titles": [
          "Avoiding flying machines",
          "Excessive growth",
          "Overworld's haircut"
        ],
        "rewards": [
          {
            "item": "numismatics:spur",
            "amount": "30-50"
          }
        ]
      }
    ]
  },
  "drill": {
    "weight": 1,
    "missions": [
      {
        "items": {
          "stone": "2500-9000",
          "granite": "1500-4000",
          "diorite": "1500-4000",
          "andesite": "1800-5000",
          "deepslate": "2000-7000",
          "netherrack": "3500-10000",
          "end_stone": "1500-4000",
          "calcite": "500-3000",
          "create:asurine": "1500-4000",
          "create:crimsite": "1500-4000",
          "create:limestone": "1500-4000",
          "create:ochrum": "1500-4000",
          "create:scoria": "1500-4000",
          "create:scorchia": "1500-4000",
          "create:veridium": "1500-4000"
        },
        "titles": [
          "Automating world destruction",
          "Quarry freedom",
          "Drilling strongholds"
        ],
        "rewards": [
          {
            "item": "numismatics:spur",
            "amount": "40-80"
          }
        ]
      },
      {
        "items": {
          "grass_block": "500-1500",
          "dirt": "1500-4000",
          "gravel": "1000-3500"
        },
        "titles": [
          "Worst landscaping",
          "Shaping surroundings",
          "Fast drilling",
          "Noisy pleasure"
        ],
        "rewards": [
          {
            "item": "numismatics:spur",
            "amount": "30-50"
          }
        ]
      },
      {
        "items": {
          "coal_ore": "300-900",
          "iron_ore": "400-1000",
          "copper_ore": "500-1100",
          "gold_ore": "70-300",
          "redstone_ore": "100-400",
          "emerald_ore": "8-20",
          "lapis_ore": "100-500",
          "diamond_ore": "10-30",
          "create:zinc_ore": "90-200"
        },
        "titles": [
          "Peaceful drilling",
          "Going through stone",
          "Plundering automation",
          "Wiping mineshafts"
        ],
        "rewards": [
          {
            "item": "numismatics:spur",
            "amount": "70-120"
          }
        ]
      },
      {
        "items": {
          "deepslate_coal_ore": "4-12",
          "deepslate_iron_ore": "100-300",
          "deepslate_copper_ore": "90-200",
          "deepslate_gold_ore": "130-400",
          "deepslate_redstone_ore": "130-400",
          "deepslate_emerald_ore": "1-2",
          "deepslate_lapis_ore": "100-500",
          "deepslate_diamond_ore": "100-200",
          "create:deepslate_zinc_ore": "120-240"
        },
        "titles": [
          "Tough surroundings",
          "Warden torturing",
          "Deepest depths"
        ],
        "rewards": [
          {
            "item": "numismatics:spur",
            "amount": "80-130"
          }
        ]
      }
    ]
  },
  "eat": {
    "weight": 1,
    "missions": [
      {
        "items": {
          "glow_berries": "70-140",
          "sweet_berries": "70-140",
          "apple": "120-300",
          "melon_slice": "100-200",
          "carrot": "100-250",
          "golden_carrot": "300-500",
          "baked_potato": "200-400",
          "dried_kelp": "100-200",
          "cooked_beef": "160-280",
          "cooked_porkchop": "160-280",
          "cooked_mutton": "160-280",
          "cooked_chicken": "160-280",
          "cooked_cod": "120-240",
          "cooked_salmon": "120-240",
          "bread": "120-240",
          "pumpkin_pie": "80-150",
          "create:sweet_roll": "120-240",
          "create:chocolate_glazed_berries": "150-280",
          "create:honeyed_apple": "120-240"
        },
        "titles": [
          "Daily charge",
          "Food for thought",
          "Munchies",
          "Mr. Feast",
          "Flavorless pixels",
          "EAT UP",
          "Nom nom nom",
          "Forced meal"
        ],
        "rewards": [
          {
            "item": "numismatics:spur",
            "amount": "30-80"
          }
        ]
      },
      {
        "items": {
          "honey_bottle": "1-3",
          "create:builders_tea": "1-3"
        },
        "titles": [
          "Refreshing beverages",
          "Drink up",
          "Thirsty?",
          "Desired hydration",
          "Chugging pixels"
        ],
        "rewards": [
          {
            "item": "numismatics:spur",
            "amount": "20-50"
          }
        ]
      },
      {
        "items": {
          "cake": "7-25"
        },
        "titles": [
          "Wilderness eating",
          "Celebration",
          "Munchin' barehanded"
        ],
        "rewards": [
          {
            "item": "numismatics:spur",
            "amount": "20-40"
          }
        ]
      }
    ]
  },
  "craft": {
    "weight": 1,
    "missions": [
      {
        "items": {
          "create:shaft": "500-1000",
          "create:cogwheel": "250-500",
          "create:large_cogwheel": "220-450",
          "create:gearbox": "40-180",
          "create:encased_chain_drive": "60-100",
          "create:belt_connector": "100-200",
          "create:encased_fan": "20-50",
          "create:crushing_wheel": "15-40",
          "create:mechanical_press": "10-30",
          "create:mechanical_mixer": "18-45",
          "create:basin": "50-130",
          "create:empty_blaze_burner": "70-190",
          "create:depot": "40-100",
          "create:weighted_ejector": "8-20",
          "create:chute": "120-300",
          "create:smart_chute": "8-20",
          "create:mechanical_drill": "30-80",
          "create:mechanical_saw": "25-70",
          "create:deployer": "6-18",
          "create:mechanical_harvester": "28-75",
          "create:white_sail": "100-250",
          "create:mechanical_crafter": "20-50",
          "create:rotation_speed_controller": "5-15",
          "create:mechanical_arm": "4-12",
          "create:item_vault": "100-270",
          "create:andesite_funnel": "100-200",
          "create:brass_funnel": "10-35",
          "create:andesite_tunnel": "50-100",
          "create:brass_tunnel": "9-30",
          "create:rose_quartz": "80-200",
          "create:andesite_alloy": "150-500"
        },
        "titles": [
          "Kinetic requirements",
          "Creating with Create",
          "Rotatory religion",
          "Basic kinetic"
        ],
        "rewards": [
          {
            "item": "numismatics:spur",
            "amount": "50-80"
          }
        ]
      },
      {
        "items": {
          "create:clutch": "10-50",
          "create:gearshift": "8-45",
          "create:adjustable_chain_gearshift": "5-30"
        },
        "titles": [
          "Advanced contraptioning"
        ],
        "rewards": [
          {
            "item": "numismatics:spur",
            "amount": "20-50"
          }
        ]
      },
      {
        "items": {
          "create:windmill_bearing": "2-5",
          "create:mechanical_bearing": "1-3",
          "create:water_wheel": "10-20",
          "create:large_water_wheel": "5-10"
        },
        "titles": [
          "Moving bits",
          "Giving life"
        ],
        "rewards": [
          {
            "item": "numismatics:spur",
            "amount": "10-40"
          }
        ]
      },
      {
        "items": {
          "create:schematicannon": "1-1",
          "create:schematic_table": "1-1",
          "create:schematic_and_quill": "1-3",
          "create:empty_schematic": "1-5"
        },
        "titles": [
          "Blueprint ghosts",
          "Your own schema",
          "Schematics for dummies"
        ],
        "rewards": [
          {
            "item": "numismatics:spur",
            "amount": "10-25"
          }
        ]
      },
      {
        "items": {
          "create:fluid_pipe": "20-50",
          "create:mechanical_pump": "2-5",
          "create:fluid_tank": "5-15",
          "create:hose_pulley": "1-1",
          "create:item_drain": "1-3",
          "create:spout": "2-4",
          "create:steam_whistle": "4-5"
        },
        "titles": [
          "Liquid bender",
          "No pressure",
          "Crafting with flow"
        ],
        "rewards": [
          {
            "item": "numismatics:spur",
            "amount": "10-30"
          }
        ]
      },
      {
        "items": {
          "create:schedule": "2-3",
          "create:track_station": "1-2",
          "create:track_signal": "2-4",
          "create:track_observer": "1-1",
          "create:controls": "1-2"
        },
        "titles": [
          "Training preparations",
          "The way of the rail",
          "Crafting training"
        ],
        "rewards": [
          {
            "item": "numismatics:spur",
            "amount": "20-40"
          }
        ]
      },
      {
        "items": {
          "create:super_glue": "1-2",
          "create:goggles": "1-1",
          "create:wrench": "1-1",
          "create:extendo_grip": "1-1",
          "create:potato_cannon": "1-1",
          "create:wand_of_symmetry": "1-1",
          "create:linked_controller": "1-1"
        },
        "titles": [
          "For your own good",
          "A must have",
          "Metal gear"
        ],
        "rewards": [
          {
            "item": "numismatics:spur",
            "amount": "20-30"
          }
        ]
      },
      {
        "items": {
          "shulker_box": "2-4",
          "end_crystal": "4-8",
          "beacon": "1-1",
          "ender_chest": "3-6"
        },
        "titles": [
          "End game crafting",
          "Late game"
        ],
        "rewards": [
          {
            "item": "numismatics:spur",
            "amount": "20-40"
          }
        ]
      }
    ]
  },
  "harvester": {
    "weight": 1,
    "missions": [
      {
        "items": {
          "wheat_seeds": "250-1200",
          "beetroot_seeds": "150-800",
          "carrot": "250-1200",
          "potato": "250-1200",
          "sugar_cane": "250-1000",
          "kelp": "250-1000"
        },
        "titles": [
          "Must have harvesting",
          "Farm life",
          "Starter automation"
        ],
        "rewards": [
          {
            "item": "numismatics:spur",
            "amount": "40-70"
          }
        ]
      },
      {
        "items": {
          "cocoa_beans": "100-500",
          "sweet_berries": "150-600",
          "glow_berries": "100-500"
        },
        "titles": [
          "Awkward harvest",
          "Automating the weird"
        ],
        "rewards": [
          {
            "item": "numismatics:spur",
            "amount": "50-80"
          }
        ]
      }
    ]
  },
  "mix": {
    "weight": 1,
    "missions": [
      {
        "items": {
          "create:brass_ingot": "100-300",
          "create:andesite_alloy": "400-1500"
        },
        "titles": [
          "Tinkering alloys",
          "Metallic mix",
          "Alloying"
        ],
        "rewards": [
          {
            "item": "numismatics:spur",
            "amount": "30-50"
          }
        ]
      },
      {
        "items": {
          "create:dough": "200-600"
        },
        "titles": [
          "Beaker",
          "Breaking bread",
          "Dough times"
        ],
        "rewards": [
          {
            "item": "numismatics:spur",
            "amount": "20-40"
          }
        ]
      },
      {
        "items": {
          "mud": "300-500",
          "netherrack": "150-300"
        },
        "titles": [
          "Resource medley",
          "Just in case"
        ],
        "rewards": [
          {
            "item": "numismatics:spur",
            "amount": "30-45"
          }
        ]
      }
    ]
  },
  "compact": {
    "weight": 1,
    "missions": [
      {
        "items": {
          "nether_bricks": "64-128",
          "bamboo_block": "100-400",
          "melon": "40-250",
          "honey_block": "20-80",
          "hay_block": "80-170",
          "snow_block": "200-600",
          "clay": "40-120",
          "dried_kelp_block": "100-300",
          "sandstone": "80-150"
        },
        "titles": [
          "Resource compression",
          "Gatherer",
          "Clean storage"
        ],
        "rewards": [
          {
            "item": "numismatics:spur",
            "amount": "20-50"
          }
        ]
      },
      {
        "items": {
          "gold_ingot": "15-50",
          "iron_ingot": "200-500",
          "iron_block": "30-70",
          "slime_block": "40-100"
        },
        "titles": [
          "Pressured goods",
          "No pressure",
          "Denser valuables",
          "No downsides, just downsizing"
        ],
        "rewards": [
          {
            "item": "numismatics:spur",
            "amount": "30-60"
          }
        ]
      }
    ]
  },
  "press": {
    "weight": 0.6,
    "missions": [
      {
        "items": {
          "paper": "200-500",
          "create:track": "300-600"
        },
        "titles": [
          "Preparations",
          "Forecasting needs"
        ],
        "rewards": [
          {
            "item": "numismatics:spur",
            "amount": "40-60"
          }
        ]
      },
      {
        "items": {
          "create:iron_sheet": "150-350",
          "create:copper_sheet": "100-300",
          "create:brass_sheet": "20-60",
          "create:golden_sheet": "30-80"
        },
        "titles": [
          "Pressing metals",
          "Denser metals",
          "Forging the future",
          "Bonkness"
        ],
        "rewards": [
          {
            "item": "numismatics:spur",
            "amount": "50-70"
          }
        ]
      }
    ]
  },
  "crush": {
    "weight": 1,
    "missions": [
      {
        "items": {
          "create:crushed_raw_iron": "150-300",
          "create:crushed_raw_gold": "50-100",
          "create:crushed_raw_copper": "200-500",
          "create:crushed_raw_zinc": "150-300",
          "create:experience_nugget": "150-300"
        },
        "titles": [
          "Mining rewards",
          "Your real crush",
          "Crushing it",
          "Superlative milling"
        ],
        "rewards": [
          {
            "item": "numismatics:spur",
            "amount": "80-150"
          }
        ]
      },
      {
        "items": {
          "redstone": "700-1500",
          "lapis_lazuli": "500-800",
          "quartz": "500-1000",
          "string": "100-200",
          "create:cinder_flour": "400-900",
          "create:powdered_obsidian": "100-250",
          "glowstone_dust": "100-250",
          "create:wheat_flour": "400-960"
        },
        "titles": [
          "Crushing addict",
          "Superlative milling",
          "Crushing junk"
        ],
        "rewards": [
          {
            "item": "numismatics:spur",
            "amount": "60-110"
          }
        ]
      },
      {
        "items": {
          "gravel": "400-1000",
          "sand": "400-1000",
          "red_sand": "200-500",
          "clay_ball": "150-350"
        },
        "titles": [
          "Standard crushing",
          "Crushing the basics",
          "Superlative milling"
        ],
        "rewards": [
          {
            "item": "numismatics:spur",
            "amount": "30-80"
          }
        ]
      }
    ]
  },
  "feed": {
    "weight": 1,
    "missions": [
      {
        "items": {
          "wheat": "5-25",
          "carrot": "5-25",
          "potato": "5-25",
          "beetroot": "5-25",
          "seeds": "50-80"
        },
        "titles": [
          "Feeding the usuals",
          "Sturdy economy",
          "Farm life",
          "Starter livestock"
        ],
        "rewards": [
          {
            "item": "numismatics:spur",
            "amount": "20-50"
          }
        ]
      },
      {
        "items": {
          "hay_bale": "3-9",
          "golden_carrot": "3-9",
          "golden_apple": "3-9",
          "sugar": "5-15"
        },
        "titles": [
          "Feeding your carry",
          "Equidae diet",
          "Expensive taste"
        ],
        "rewards": [
          {
            "item": "numismatics:spur",
            "amount": "40-70"
          }
        ]
      },
      {
        "items": {
          "cooked_porkchop": "2-5",
          "cooked_beef": "2-5",
          "cooked_mutton": "2-5",
          "cooked_chicken": "2-5",
          "rotten_flesh": "2-5",
          "cod": "2-5",
          "salmon": "2-5"
        },
        "titles": [
          "Pet caring",
          "Carnivore diet",
          "Petty pets",
          "Food for thought"
        ],
        "rewards": [
          {
            "item": "numismatics:spur",
            "amount": "30-50"
          }
        ]
      },
      {
        "items": {
          "seagrass": "4-8",
          "warped_fungus": "2-4",
          "tropical_fish_bucket": "2-4",
          "bamboo": "2-2",
          "sweet_berries": "2-2",
          "glow_berries": "2-2",
          "slime_ball": "2-2",
          "cactus": "2-2"
        },
        "titles": [
          "Explorer needs",
          "Weird living things",
          "Biologist"
        ],
        "rewards": [
          {
            "item": "numismatics:spur",
            "amount": "50-110"
          }
        ]
      }
    ]
  },
  "fish": {
    "weight": 1,
    "missions": [
      {
        "items": {
          "cod": "15-30",
          "salmon": "6-13",
          "tropical_fish": "1-3",
          "pufferfish": "3-6"
        },
        "titles": [
          "Normie fishing",
          "Forced oxygenation"
        ],
        "rewards": [
          {
            "item": "numismatics:spur",
            "amount": "70-130"
          }
        ]
      },
      {
        "items": {
          "lily_pad": "2-5",
          "leather_boots": "1-3",
          "leather": "1-3",
          "bone": "1-3",
          "string": "1-2",
          "bowl": "1-3",
          "stick": "1-2",
          "tripwire_hook": "1-3",
          "rotten_flesh": "1-3"
        },
        "titles": [
          "Desired misfortune",
          "Unwanted catch",
          "Ocean cleanup"
        ],
        "rewards": [
          {
            "item": "numismatics:spur",
            "amount": "50-100"
          }
        ]
      },
      {
        "items": {
          "name_tag": "1-1",
          "saddle": "1-1",
          "nautilus_shell": "1-1"
        },
        "titles": [
          "Rate limited treasures",
          "Inedible fish",
          "Open seas"
        ],
        "rewards": [
          {
            "item": "numismatics:spur",
            "amount": "80-150"
          }
        ]
      }
    ]
  },
  "kill": {
    "weight": 1,
    "missions": [
      {
        "items": {
          "creeper": "20-60",
          "drowned": "15-40",
          "guardian": "5-10",
          "husk": "4-8",
          "skeleton": "20-60",
          "slime": "30-70",
          "spider": "20-60",
          "stray": "5-10",
          "witch": "2-5",
          "zombie": "20-60"
        },
        "titles": [
          "Basic extermination",
          "Night wandering",
          "Monster hunter",
          "Slay"
        ],
        "rewards": [
          {
            "item": "numismatics:spur",
            "amount": "50-80"
          }
        ]
      },
      {
        "items": {
          "blaze": "10-20",
          "ghast": "3-8",
          "hoglin": "4-8",
          "magma_cube": "2-4",
          "piglin": "10-25",
          "wither_skeleton": "10-15",
          "zoglin": "1-3",
          "zombified_piglin": "1-3"
        },
        "titles": [
          "Hot murdering",
          "Boiling sweep",
          "Nether hunter"
        ],
        "rewards": [
          {
            "item": "numismatics:spur",
            "amount": "60-90"
          }
        ]
      },
      {
        "items": {
          "endermite": "2-4",
          "enderman": "30-70",
          "shulker": "10-20"
        },
        "titles": [
          "Void rampage",
          "Endless killing",
          "Darkness reconquer"
        ],
        "rewards": [
          {
            "item": "numismatics:spur",
            "amount": "40-70"
          }
        ]
      },
      {
        "items": {
          "wither": "1-1",
          "ender_dragon": "1-1"
        },
        "titles": [
          "Boss battle",
          "Best way to die"
        ],
        "rewards": [
          {
            "item": "numismatics:spur",
            "amount": "100-150"
          }
        ]
      },
      {
        "items": {
          "pillager": "10-15",
          "ravager": "1-1",
          "vex": "2-3",
          "evoker": "1-1",
          "vindicator": "3-5"
        },
        "titles": [
          "Raiding party",
          "Protecting your legacy",
          "Age of empires",
          "City unbuilder simulator"
        ],
        "rewards": [
          {
            "item": "numismatics:spur",
            "amount": "110-170"
          }
        ]
      },
      {
        "items": {
          "horse": "1-1",
          "donkey": "1-1",
          "mule": "1-1",
          "strider": "1-2",
          "llama": "1-2",
          "camel": "1-1"
        },
        "titles": [
          "Killing a friend",
          "Non-sense murdering",
          "Animal cruelty"
        ],
        "rewards": [
          {
            "item": "numismatics:spur",
            "amount": "40-60"
          }
        ]
      },
      {
        "items": {
          "cow": "10-25",
          "sheep": "10-25",
          "pig": "10-25",
          "chicken": "10-25",
          "bee": "2-4"
        },
        "titles": [
          "Farm animals",
          "Decreasing harvest",
          "Population density"
        ],
        "rewards": [
          {
            "item": "numismatics:spur",
            "amount": "30-60"
          }
        ]
      }
    ]
  },
  "dive": {
    "weight": 1,
    "missions": [
      {
        "items": {
          "water": "10-24"
        },
        "titles": [
          "Your last breath",
          "Blue planet",
          "Subnautica"
        ],
        "rewards": [
          {
            "item": "numismatics:spur",
            "amount": "80-110"
          }
        ]
      },
      {
        "items": {
          "lava": "5-15"
        },
        "titles": [
          "Temperature regulation",
          "Strider's CPR",
          "Floor is lava"
        ],
        "rewards": [
          {
            "item": "numismatics:spur",
            "amount": "90-130"
          }
        ]
      }
    ]
  },
  "ride": {
    "weight": 1,
    "missions": [
      {
        "items": {
          "missions:statistic": "500-2000"
        },
        "titles": [
          "Short ride",
          "Preventive gallop",
          "Maintenance run",
          "Brief trot"
        ],
        "rewards": [
          {
            "item": "numismatics:spur",
            "amount": "80-110"
          }
        ]
      },
      {
        "items": {
          "missions:statistic": "2500-5000"
        },
        "titles": [
          "Moderated hesitation",
          "Daily ride",
          "Ride along",
          "Rodeo"
        ],
        "rewards": [
          {
            "item": "numismatics:spur",
            "amount": "90-130"
          }
        ]
      },
      {
        "items": {
          "missions:statistic": "5500-12000"
        },
        "titles": [
          "Endurance testing",
          "Bothering your buddy",
          "MOT inspection",
          "Finding the limits",
          "Brutal ride"
        ],
        "rewards": [
          {
            "item": "numismatics:spur",
            "amount": "100-180"
          }
        ]
      }
    ]
  },
  "sail": {
    "weight": 1,
    "missions": [
      {
        "items": {
          "missions:statistic": "1500-4000"
        },
        "titles": [
          "Sunday sailing",
          "Short voyage",
          "They sail me rolling"
        ],
        "rewards": [
          {
            "item": "numismatics:spur",
            "amount": "50-90"
          }
        ]
      },
      {
        "items": {
          "missions:statistic": "3500-7000"
        },
        "titles": [
          "Pirating minecraft",
          "Blackbeard",
          "Brittany Ferries",
          "Sailor moon"
        ],
        "rewards": [
          {
            "item": "numismatics:spur",
            "amount": "70-110"
          }
        ]
      },
      {
        "items": {
          "missions:statistic": "5500-9000"
        },
        "titles": [
          "Finding nemo",
          "One piece"
        ],
        "rewards": [
          {
            "item": "numismatics:spur",
            "amount": "90-120"
          }
        ]
      }
    ]
  },
  "fly": {
    "weight": 1,
    "missions": [
      {
        "items": {
          "missions:statistic": "5500-12000"
        },
        "titles": [
          "Abusing brokenness",
          "Base takeoff",
          "Moving around"
        ],
        "rewards": [
          {
            "item": "numismatics:spur",
            "amount": "20-40"
          }
        ]
      },
      {
        "items": {
          "missions:statistic": "11500-25000"
        },
        "titles": [
          "Rocket league",
          "Sporadic visiting",
          "Flying free"
        ],
        "rewards": [
          {
            "item": "numismatics:spur",
            "amount": "30-50"
          }
        ]
      },
      {
        "items": {
          "missions:statistic": "25500-42000"
        },
        "titles": [
          "Rocket minmaxing",
          "Gunpowder abuse",
          "Taylor swift"
        ],
        "rewards": [
          {
            "item": "numismatics:spur",
            "amount": "50-80"
          }
        ]
      }
    ]
  },
  "walk": {
    "weight": 1,
    "missions": [
      {
        "items": {
          "missions:statistic": "2500-5000"
        },
        "titles": [
          "Wandering thoughts",
          "Stretching legs",
          "Healthy endeavor"
        ],
        "rewards": [
          {
            "item": "numismatics:spur",
            "amount": "20-30"
          }
        ]
      },
      {
        "items": {
          "missions:statistic": "6500-10000"
        },
        "titles": [
          "Warden bothering",
          "Take a hike",
          "Pigstep",
          "Big stepper"
        ],
        "rewards": [
          {
            "item": "numismatics:spur",
            "amount": "30-50"
          }
        ]
      },
      {
        "items": {
          "missions:statistic": "10500-16000"
        },
        "titles": [
          "Farlands enjoyer",
          "Forest Gump",
          "Herobrine stalker"
        ],
        "rewards": [
          {
            "item": "numismatics:spur",
            "amount": "80-110"
          }
        ]
      }
    ]
  },
  "swim": {
    "weight": 1,
    "missions": [
      {
        "items": {
          "missions:statistic": "500-1500"
        },
        "titles": [
          "Waterlogged shoes",
          "In and out",
          "Salmon's nightmare"
        ],
        "rewards": [
          {
            "item": "numismatics:spur",
            "amount": "10-30"
          }
        ]
      },
      {
        "items": {
          "missions:statistic": "2500-3500"
        },
        "titles": [
          "Drowned slayer",
          "Encountering guardians",
          "Befriending dolphins"
        ],
        "rewards": [
          {
            "item": "numismatics:spur",
            "amount": "25-60"
          }
        ]
      },
      {
        "items": {
          "missions:statistic": "4000-5000"
        },
        "titles": [
          "Deepest dive",
          "Trident seeker",
          "Aquaman",
          "Strider antithesis"
        ],
        "rewards": [
          {
            "item": "numismatics:spur",
            "amount": "40-80"
          }
        ]
      }
    ]
  },
  "train-driver": {
    "weight": 1,
    "missions": [
      {
        "items": {
          "missions:distance": "3500-7000"
        },
        "titles": [
          "Training",
          "Unneeded license"
        ],
        "rewards": [
          {
            "item": "numismatics:spur",
            "amount": "30-60"
          }
        ]
      },
      {
        "items": {
          "missions:distance": "8500-11000"
        },
        "titles": [
          "Mob tackling",
          "Stay on track",
          "Railway runner"
        ],
        "rewards": [
          {
            "item": "numismatics:spur",
            "amount": "50-90"
          }
        ]
      },
      {
        "items": {
          "missions:distance": "12500-18000"
        },
        "titles": [
          "Prohibited automation",
          "Signal skipper",
          "Thomas the train"
        ],
        "rewards": [
          {
            "item": "numismatics:spur",
            "amount": "80-130"
          }
        ]
      }
    ]
  },
  "train-passenger": {
    "weight": 1,
    "missions": [
      {
        "items": {
          "missions:distance": "5500-9000"
        },
        "titles": [
          "Passive travelling",
          "Enslaved blaze"
        ],
        "rewards": [
          {
            "item": "numismatics:spur",
            "amount": "30-50"
          }
        ]
      },
      {
        "items": {
          "missions:distance": "11500-16000"
        },
        "titles": [
          "Don't miss the stop",
          "Undisturbed driver"
        ],
        "rewards": [
          {
            "item": "numismatics:spur",
            "amount": "40-70"
          }
        ]
      },
      {
        "items": {
          "missions:distance": "17500-21000"
        },
        "titles": [
          "Admiring the world",
          "Is there service?",
          "I hope the train has wifi",
          "Overnight interrail"
        ],
        "rewards": [
          {
            "item": "numismatics:spur",
            "amount": "50-90"
          }
        ]
      }
    ]
  },
  "train-driver-passenger": {
    "weight": 1,
    "missions": [
      {
        "items": {
          "missions:distance": "2500-5000"
        },
        "titles": [
          "Unpaid service",
          "Free favors",
          "Getting on time",
          "Brief journey"
        ],
        "rewards": [
          {
            "item": "numismatics:spur",
            "amount": "40-80"
          }
        ]
      },
      {
        "items": {
          "missions:distance": "6500-9000"
        },
        "titles": [
          "All aboard",
          "Strangers on a train",
          "Runaway train"
        ],
        "rewards": [
          {
            "item": "numismatics:spur",
            "amount": "50-100"
          }
        ]
      },
      {
        "items": {
          "missions:distance": "10500-12000"
        },
        "titles": [
          "All tracks lead to Rome",
          "Bullet train",
          "Long departure",
          "The polar express"
        ],
        "rewards": [
          {
            "item": "numismatics:spur",
            "amount": "70-130"
          }
        ]
      }
    ]
  },
  "relocate": {
    "weight": 0.5,
    "missions": [
      {
        "items": {
          "missions:distance": "100-500"
        },
        "titles": [
          "Manual steering",
          "Strongest person alive",
          "Avoiding derailment"
        ],
        "rewards": [
          {
            "item": "numismatics:spur",
            "amount": "30-50"
          }
        ]
      }
    ]
  },
  "belt-walk": {
    "weight": 1,
    "missions": [
      {
        "items": {
          "missions:distance": "200-500"
        },
        "titles": [
          "Mall escalators",
          "Automatic walking"
        ],
        "rewards": [
          {
            "item": "numismatics:spur",
            "amount": "10-30"
          }
        ]
      },
      {
        "items": {
          "missions:distance": "800-1200"
        },
        "titles": [
          "Airport escalators",
          "Luggage impersonation"
        ],
        "rewards": [
          {
            "item": "numismatics:spur",
            "amount": "30-60"
          }
        ]
      },
      {
        "items": {
          "missions:distance": "1500-2500"
        },
        "titles": [
          "Industrial conveyors",
          "Are you the product?"
        ],
        "rewards": [
          {
            "item": "numismatics:spur",
            "amount": "40-80"
          }
        ]
      }
    ]
  }
}